video,prompt,input_image,action
/fs/cml-projects/worldmodel/Self-Forcing/dataset_download/Sekai-Project/sekai-real-walking-hq_v3_processed/39erXlAjHb8_0077550_0079350_clip1.mp4,"The camera moves steadily forward through a crowded Christmas market at night, capturing the bustling scene as people in winter coats and hats navigate the narrow, wet pathways between illuminated stalls. The environment is vibrant with warm, golden lights strung across the market and the historic buildings in the background, including a prominent clock tower, all glowing against the dark sky. The ground reflects the lights, adding to the festive atmosphere as the crowd moves slowly, browsing goods and enjoying the lively, immersive experience of the Krakow Christmas Markets.",/fs/cml-projects/worldmodel/Self-Forcing/dataset_download/Sekai-Project/sekai-real-walking-hq_v3_processed/first_frames/39erXlAjHb8_0077550_0079350_clip1.jpg,"[[[1, 0, 0, 0, 0, 0, 0, 0], [0.05380861378169888, 0.0, 0.0, 0.0, 0.0, 0.0, 0.0, 0.0]], [[1, 0, 0, 0, 0, 0, 0, 0], [0.052773137418251355, 0.0, 0.0, 0.0, 0.0, 0.0, 0.0, 0.0]], [[1, 0, 0, 0, 0, 0, 0, 0], [0.05160394260790063, 0.0, 0.0, 0.0, 0.0, 0.0, 0.0, 0.0]], [[1, 0, 0, 1, 1, 0, 0, 0], [0.0512666018641921, 0.0, 0.0, 0.008831653511092682, 1.0649279390581659, 0.0, 0.0, 0.0]], [[1, 0, 0, 1, 1, 0, 0, 0], [0.05087124856494317, 0.0, 0.0, 0.01204509116617715, 1.1714285558407849, 0.0, 0.0, 0.0]], [[1, 0, 0, 1, 1, 0, 0, 0], [0.05041827699377655, 0.0, 0.0, 0.015037555348564706, 1.2686676772167458, 0.0, 0.0, 0.0]], [[1, 0, 0, 1, 1, 0, 0, 0], [0.04994977146691639, 0.0, 0.0, 0.017165304085498635, 1.3493202913868545, 0.0, 0.0, 0.0]], [[1, 0, 0, 1, 1, 0, 0, 0], [0.049010108916955654, 0.0, 0.0, 0.017908425811470965, 1.3785277149107178, 0.0, 0.0, 0.0]], [[1, 0, 0, 1, 1, 0, 0, 0], [0.048259828927272985, 0.0, 0.0, 0.01736110601716172, 1.3339072744835732, 0.0, 0.0, 0.0]], [[1, 0, 0, 1, 1, 0, 0, 0], [0.04840400362082338, 0.0, 0.0, 0.015901575428766416, 1.260747125782326, 0.0, 0.0, 0.0]], [[1, 0, 0, 1, 1, 0, 0, 0], [0.049199276488197816, 0.0, 0.0, 0.014056807607893396, 1.1425074066684278, 0.0, 0.0, 0.0]], [[1, 0, 0, 1, 1, 0, 0, 0], [0.05020808812837622, 0.0, 0.0, 0.012271266429936714, 1.031062283073292, 0.0, 0.0, 0.0]], [[1, 0, 0, 1, 0, 0, 0, 0], [0.050228288863834576, 0.0, 0.0, 0.011278345907373316, 0.0, 0.0, 0.0, 0.0]], [[1, 0, 0, 1, 0, 0, 0, 0], [0.04899768012152583, 0.0, 0.0, 0.011726942242120338, 0.0, 0.0, 0.0, 0.0]], [[1, 0, 0, 1, 0, 0, 0, 0], [0.04752502687923736, 0.0, 0.0, 0.012865233768252828, 0.0, 0.0, 0.0, 0.0]], [[1, 0, 0, 1, 0, 0, 0, 0], [0.04725066221516486, 0.0, 0.0, 0.014675373297836535, 0.0, 0.0, 0.0, 0.0]], [[1, 0, 0, 1, 0, 0, 0, 0], [0.0478581321768828, 0.0, 0.0, 0.016263006513411775, 0.0, 0.0, 0.0, 0.0]], [[1, 0, 0, 1, 0, 0, 0, 0], [0.048472259833839015, 0.0, 0.0, 0.01759927674860781, 0.0, 0.0, 0.0, 0.0]], [[1, 0, 0, 1, 1, 0, 0, 0], [0.04847625581405133, 0.0, 0.0, 0.01781343153008965, 1.014967144126416, 0.0, 0.0, 0.0]], [[1, 0, 0, 1, 1, 0, 0, 0], [0.047783548201708256, 0.0, 0.0, 0.01616010562806635, 1.0440241597981768, 0.0, 0.0, 0.0]]]"
/fs/cml-projects/worldmodel/Self-Forcing/dataset_download/Sekai-Project/sekai-real-walking-hq_v3_processed/2hTRqUYTaxw_0048854_0050654_clip1.mp4,"The camera moves steadily forward along a vibrant pedestrian street in Salento, Colombia, capturing a lively scene of locals and tourists strolling past colorful colonial buildings with bright facades in shades of green, red, and yellow, while the sunny weather casts clear shadows on the tiled walkway and the lush green hills rise in the background.",/fs/cml-projects/worldmodel/Self-Forcing/dataset_download/Sekai-Project/sekai-real-walking-hq_v3_processed/first_frames/2hTRqUYTaxw_0048854_0050654_clip1.jpg,"[[[1, 0, 0, 0, 0, 0, 0, 0], [0.0507870761040622, 0.0, 0.0, 0.0, 0.0, 0.0, 0.0, 0.0]], [[1, 0, 0, 1, 0, 0, 0, 0], [0.05158080283780496, 0.0, 0.0, 0.006917023907437759, 0.0, 0.0, 0.0, 0.0]], [[1, 0, 0, 1, 0, 0, 0, 0], [0.052208151128799916, 0.0, 0.0, 0.008313982719747466, 0.0, 0.0, 0.0, 0.0]], [[1, 0, 0, 1, 0, 0, 0, 0], [0.05227163874451583, 0.0, 0.0, 0.008913661682377396, 0.0, 0.0, 0.0, 0.0]], [[1, 0, 0, 1, 0, 0, 0, 0], [0.05196679657896925, 0.0, 0.0, 0.008982024462042043, 0.0, 0.0, 0.0, 0.0]], [[1, 0, 0, 1, 0, 0, 0, 0], [0.051678283952281134, 0.0, 0.0, 0.008927824594861517, 0.0, 0.0, 0.0, 0.0]], [[1, 0, 0, 1, 0, 0, 0, 0], [0.05148347447741669, 0.0, 0.0, 0.009013885092051274, 0.0, 0.0, 0.0, 0.0]], [[1, 0, 0, 1, 0, 0, 0, 0], [0.05132990681023253, 0.0, 0.0, 0.00937183650073596, 0.0, 0.0, 0.0, 0.0]], [[1, 0, 0, 1, 0, 0, 0, 0], [0.05016908655808552, 0.0, 0.0, 0.00994394456549456, 0.0, 0.0, 0.0, 0.0]], [[1, 0, 0, 1, 0, 0, 0, 0], [0.049299261364539416, 0.0, 0.0, 0.010993939685143067, 0.0, 0.0, 0.0, 0.0]], [[1, 0, 0, 1, 0, 0, 0, 0], [0.04844659611425413, 0.0, 0.0, 0.012159837528920298, 0.0, 0.0, 0.0, 0.0]], [[1, 0, 0, 1, 0, 0, 0, 0], [0.04906352635089717, 0.0, 0.0, 0.013574766633117128, 0.0, 0.0, 0.0, 0.0]], [[1, 0, 0, 1, 0, 0, 0, 0], [0.049103021236767325, 0.0, 0.0, 0.01480566666413764, 0.0, 0.0, 0.0, 0.0]], [[1, 0, 0, 1, 0, 0, 0, 0], [0.048813105749764434, 0.0, 0.0, 0.014840809271811323, 0.0, 0.0, 0.0, 0.0]], [[1, 0, 0, 1, 0, 0, 0, 0], [0.04844651492162322, 0.0, 0.0, 0.014205515979175916, 0.0, 0.0, 0.0, 0.0]], [[1, 0, 0, 1, 0, 0, 0, 0], [0.04853893560691036, 0.0, 0.0, 0.013554727248380192, 0.0, 0.0, 0.0, 0.0]], [[1, 0, 0, 1, 0, 0, 0, 0], [0.048743677421352855, 0.0, 0.0, 0.012790812278840403, 0.0, 0.0, 0.0, 0.0]], [[1, 0, 0, 1, 0, 0, 0, 0], [0.0487398055233512, 0.0, 0.0, 0.012192180675983379, 0.0, 0.0, 0.0, 0.0]], [[1, 0, 0, 1, 0, 0, 0, 0], [0.04819094962978081, 0.0, 0.0, 0.012110804666215448, 0.0, 0.0, 0.0, 0.0]], [[1, 0, 0, 1, 0, 0, 0, 0], [0.04741808486782161, 0.0, 0.0, 0.012394731039319653, 0.0, 0.0, 0.0, 0.0]]]"
/fs/cml-projects/worldmodel/Self-Forcing/dataset_download/Sekai-Project/sekai-game-drone_v2_processed/00600210002_0014198_0014498_clip2.mp4,"The camera glides forward over a pristine, snow-covered slope, revealing a rugged, rocky mountain peak in the background with patches of snow clinging to its dark, jagged surface. The bright sunlight casts sharp shadows across the undulating white terrain, emphasizing its texture and the contrast with the exposed rock. The clear blue sky stretches above, highlighting the serene and untouched wilderness of the Mardi Himal Trail.",/fs/cml-projects/worldmodel/Self-Forcing/dataset_download/Sekai-Project/sekai-game-drone_v2_processed/first_frames/00600210002_0014198_0014498_clip2.jpg,"[[[1, 0, 0, 0, 0, 1, 0, 0], [0.013769728922721002, 0.0, 0.0, 0.0, 0.0, 1.4318084749531084, 0.0, 0.0]], [[1, 0, 0, 0, 0, 1, 0, 0], [0.013740212122456505, 0.0, 0.0, 0.0, 0.0, 2.236552352652683, 0.0, 0.0]], [[1, 0, 0, 0, 0, 1, 0, 0], [0.013715035876282247, 0.0, 0.0, 0.0, 0.0, 3.4069002074944366, 0.0, 0.0]], [[1, 0, 0, 0, 0, 1, 0, 0], [0.013701889443299758, 0.0, 0.0, 0.0, 0.0, 3.4777582138971, 0.0, 0.0]], [[1, 0, 0, 0, 0, 1, 0, 0], [0.013699284973669528, 0.0, 0.0, 0.0, 0.0, 3.1531489735160343, 0.0, 0.0]], [[1, 0, 0, 0, 0, 1, 0, 0], [0.013706491867175218, 0.0, 0.0, 0.0, 0.0, 2.6141893241304275, 0.0, 0.0]], [[1, 0, 0, 0, 0, 1, 0, 0], [0.013720534731924677, 0.0, 0.0, 0.0, 0.0, 2.018966278213505, 0.0, 0.0]], [[1, 0, 0, 0, 0, 1, 0, 0], [0.013737037757756603, 0.0, 0.0, 0.0, 0.0, 1.5002907634327438, 0.0, 0.0]], [[1, 0, 0, 0, 0, 1, 0, 0], [0.013751848186138053, 0.0, 0.0, 0.0, 0.0, 1.085461873480464, 0.0, 0.0]], [[1, 0, 0, 0, 0, 0, 0, 0], [0.013761743318296937, 0.0, 0.0, 0.0, 0.0, 0.0, 0.0, 0.0]], [[1, 0, 0, 0, 0, 0, 0, 0], [0.013764864593146298, 0.0, 0.0, 0.0, 0.0, 0.0, 0.0, 0.0]], [[1, 0, 0, 0, 0, 0, 0, 0], [0.013759791892014834, 0.0, 0.0, 0.0, 0.0, 0.0, 0.0, 0.0]], [[1, 0, 0, 0, 0, 0, 0, 0], [0.013741319135953969, 0.0, 0.0, 0.0, 0.0, 0.0, 0.0, 0.0]], [[1, 0, 0, 0, 0, 0, 0, 0], [0.013700082233178935, 0.0, 0.0, 0.0, 0.0, 0.0, 0.0, 0.0]], [[1, 0, 0, 0, 0, 0, 0, 0], [0.013640055517466445, 0.0, 0.0, 0.0, 0.0, 0.0, 0.0, 0.0]], [[1, 0, 0, 0, 0, 0, 0, 0], [0.01356174226746556, 0.0, 0.0, 0.0, 0.0, 0.0, 0.0, 0.0]], [[1, 0, 0, 0, 0, 0, 0, 0], [0.013461524885023791, 0.0, 0.0, 0.0, 0.0, 0.0, 0.0, 0.0]], [[1, 0, 0, 0, 0, 0, 0, 0], [0.013329149112999908, 0.0, 0.0, 0.0, 0.0, 0.0, 0.0, 0.0]], [[1, 0, 0, 0, 0, 0, 0, 0], [0.013146399555655159, 0.0, 0.0, 0.0, 0.0, 0.0, 0.0, 0.0]], [[1, 0, 0, 0, 0, 0, 0, 0], [0.012884900408043666, 0.0, 0.0, 0.0, 0.0, 0.0, 0.0, 0.0]]]"
/fs/cml-projects/worldmodel/Self-Forcing/dataset_download/Sekai-Project/sekai-real-drone_v2_processed/RkqMqhqVyuU_0006529_0006829_clip2.mp4,"The camera maintains a high, steady aerial perspective, slowly panning from left to right across the iconic Queensboro Bridge as it spans the East River in New York City. The bridge's intricate steel truss structure, painted in its signature red and white, dominates the frame, connecting the dense urban landscapes of Manhattan and Queens. On both sides of the river, a mix of modern high-rises and older residential buildings fills the skyline, with patches of green trees breaking up the concrete. The water below reflects the bright, clear daylight, and the overall scene is a vast, detailed panorama of the city's complex infrastructure and architecture.",/fs/cml-projects/worldmodel/Self-Forcing/dataset_download/Sekai-Project/sekai-real-drone_v2_processed/first_frames/RkqMqhqVyuU_0006529_0006829_clip2.jpg,"[[[1, 0, 0, 0, 0, 0, 0, 0], [0.05088360876029925, 0.0, 0.0, 0.0, 0.0, 0.0, 0.0, 0.0]], [[1, 0, 0, 0, 0, 0, 0, 0], [0.05144578278509573, 0.0, 0.0, 0.0, 0.0, 0.0, 0.0, 0.0]], [[1, 0, 0, 0, 0, 0, 0, 0], [0.05041752675234122, 0.0, 0.0, 0.0, 0.0, 0.0, 0.0, 0.0]], [[1, 0, 0, 0, 0, 0, 0, 0], [0.05043254461798088, 0.0, 0.0, 0.0, 0.0, 0.0, 0.0, 0.0]], [[1, 0, 0, 0, 0, 0, 0, 0], [0.05120748591433346, 0.0, 0.0, 0.0, 0.0, 0.0, 0.0, 0.0]], [[1, 0, 0, 0, 0, 0, 0, 0], [0.050076420447441705, 0.0, 0.0, 0.0, 0.0, 0.0, 0.0, 0.0]], [[1, 0, 0, 0, 0, 0, 0, 0], [0.05008063103061498, 0.0, 0.0, 0.0, 0.0, 0.0, 0.0, 0.0]], [[1, 0, 0, 0, 0, 0, 0, 0], [0.050996585140368665, 0.0, 0.0, 0.0, 0.0, 0.0, 0.0, 0.0]], [[1, 0, 0, 0, 0, 0, 0, 0], [0.05015174754971501, 0.0, 0.0, 0.0, 0.0, 0.0, 0.0, 0.0]], [[1, 0, 0, 0, 0, 0, 0, 0], [0.05025497159660571, 0.0, 0.0, 0.0, 0.0, 0.0, 0.0, 0.0]], [[1, 0, 0, 0, 0, 0, 0, 0], [0.05059707639562495, 0.0, 0.0, 0.0, 0.0, 0.0, 0.0, 0.0]], [[1, 0, 0, 0, 0, 0, 0, 0], [0.04934520034545111, 0.0, 0.0, 0.0, 0.0, 0.0, 0.0, 0.0]], [[1, 0, 0, 0, 0, 0, 0, 0], [0.04928691604351358, 0.0, 0.0, 0.0, 0.0, 0.0, 0.0, 0.0]], [[1, 0, 0, 0, 0, 0, 0, 0], [0.050004132452675924, 0.0, 0.0, 0.0, 0.0, 0.0, 0.0, 0.0]], [[1, 0, 0, 0, 0, 0, 0, 0], [0.0487353631590733, 0.0, 0.0, 0.0, 0.0, 0.0, 0.0, 0.0]], [[1, 0, 0, 0, 0, 0, 0, 0], [0.04851947654477781, 0.0, 0.0, 0.0, 0.0, 0.0, 0.0, 0.0]], [[1, 0, 0, 0, 0, 0, 0, 0], [0.04904823211513763, 0.0, 0.0, 0.0, 0.0, 0.0, 0.0, 0.0]], [[1, 0, 0, 0, 0, 0, 0, 0], [0.04762654803810059, 0.0, 0.0, 0.0, 0.0, 0.0, 0.0, 0.0]], [[1, 0, 0, 0, 0, 0, 0, 0], [0.04714790628020018, 0.0, 0.0, 0.0, 0.0, 0.0, 0.0, 0.0]], [[1, 0, 0, 0, 0, 0, 0, 0], [0.04720146992064202, 0.0, 0.0, 0.0, 0.0, 0.0, 0.0, 0.0]]]"
/fs/cml-projects/worldmodel/Self-Forcing/dataset_download/Sekai-Project/sekai-real-drone_v2_processed/Tf187YXnO-o_0329917_0330217_clip2.mp4,"The drone glides forward over a serene, emerald-green mountain lake in Appenzell, Switzerland, its surface acting as a mirror to the surrounding forested slopes and towering, mist-shrouded peaks. The camera maintains a steady, low-altitude flight, offering a panoramic view of the tranquil landscape where lush green hillsides meet the water's edge, all under a soft, overcast sky that casts a diffused light across the scene. The stillness of the water perfectly reflects the rugged mountains and the cloudy heavens, emphasizing the untouched beauty and profound solitude of this alpine setting.",/fs/cml-projects/worldmodel/Self-Forcing/dataset_download/Sekai-Project/sekai-real-drone_v2_processed/first_frames/Tf187YXnO-o_0329917_0330217_clip2.jpg,"[[[1, 0, 0, 0, 0, 0, 0, 0], [0.04926698628228249, 0.0, 0.0, 0.0, 0.0, 0.0, 0.0, 0.0]], [[1, 0, 0, 0, 0, 0, 0, 0], [0.04911477932369203, 0.0, 0.0, 0.0, 0.0, 0.0, 0.0, 0.0]], [[1, 0, 0, 0, 0, 0, 0, 0], [0.04936684538682869, 0.0, 0.0, 0.0, 0.0, 0.0, 0.0, 0.0]], [[1, 0, 0, 0, 0, 0, 0, 0], [0.04958220990113924, 0.0, 0.0, 0.0, 0.0, 0.0, 0.0, 0.0]], [[1, 0, 0, 0, 0, 0, 0, 0], [0.05007244368528423, 0.0, 0.0, 0.0, 0.0, 0.0, 0.0, 0.0]], [[1, 0, 0, 0, 0, 0, 0, 0], [0.05051851325155466, 0.0, 0.0, 0.0, 0.0, 0.0, 0.0, 0.0]], [[1, 0, 0, 0, 0, 0, 0, 0], [0.05018920518083067, 0.0, 0.0, 0.0, 0.0, 0.0, 0.0, 0.0]], [[1, 0, 0, 0, 0, 0, 0, 0], [0.05041317411894783, 0.0, 0.0, 0.0, 0.0, 0.0, 0.0, 0.0]], [[1, 0, 0, 0, 0, 0, 0, 0], [0.05028471059218353, 0.0, 0.0, 0.0, 0.0, 0.0, 0.0, 0.0]], [[1, 0, 0, 0, 0, 0, 0, 0], [0.05002233995892778, 0.0, 0.0, 0.0, 0.0, 0.0, 0.0, 0.0]], [[1, 0, 0, 0, 0, 0, 0, 0], [0.050860274585038424, 0.0, 0.0, 0.0, 0.0, 0.0, 0.0, 0.0]], [[1, 0, 0, 0, 0, 0, 0, 0], [0.05112952903065184, 0.0, 0.0, 0.0, 0.0, 0.0, 0.0, 0.0]], [[1, 0, 0, 0, 0, 0, 0, 0], [0.05079511352926177, 0.0, 0.0, 0.0, 0.0, 0.0, 0.0, 0.0]], [[1, 0, 0, 0, 0, 0, 0, 0], [0.050993080123297715, 0.0, 0.0, 0.0, 0.0, 0.0, 0.0, 0.0]], [[1, 0, 0, 0, 0, 0, 0, 0], [0.0506926101824624, 0.0, 0.0, 0.0, 0.0, 0.0, 0.0, 0.0]], [[1, 0, 0, 0, 0, 0, 0, 0], [0.05056048212448254, 0.0, 0.0, 0.0, 0.0, 0.0, 0.0, 0.0]], [[1, 0, 0, 0, 0, 0, 0, 0], [0.049992449706911336, 0.0, 0.0, 0.0, 0.0, 0.0, 0.0, 0.0]], [[1, 0, 0, 0, 0, 0, 0, 0], [0.04935469559975154, 0.0, 0.0, 0.0, 0.0, 0.0, 0.0, 0.0]], [[1, 0, 0, 0, 0, 0, 0, 0], [0.04824151452380731, 0.0, 0.0, 0.0, 0.0, 0.0, 0.0, 0.0]], [[1, 0, 0, 0, 0, 0, 0, 0], [0.04632702060346585, 0.0, 0.0, 0.0, 0.0, 0.0, 0.0, 0.0]]]"
/fs/cml-projects/worldmodel/Self-Forcing/dataset_download/Sekai-Project/sekai-real-drone_v2_processed/fH5IQKOuGFg_0290073_0290373_clip1.mp4,"The camera maintains a high, steady aerial view looking directly down onto a large, illuminated roundabout in Jakarta at dusk, with vehicles moving in a continuous circular flow around the central dark basin, their headlights and taillights creating a dynamic pattern of light; surrounding the roundabout, modern high-rise buildings and lower structures are lit up, with patches of greenery visible, all under a dark, cloudy sky, while the camera remains fixed, capturing the organized flow of traffic and the dense urban landscape.",/fs/cml-projects/worldmodel/Self-Forcing/dataset_download/Sekai-Project/sekai-real-drone_v2_processed/first_frames/fH5IQKOuGFg_0290073_0290373_clip1.jpg,"[[[1, 0, 0, 0, 0, 0, 0, 0], [0.026120281615761173, 0.0, 0.0, 0.0, 0.0, 0.0, 0.0, 0.0]], [[1, 0, 0, 0, 0, 0, 0, 0], [0.025597583327477556, 0.0, 0.0, 0.0, 0.0, 0.0, 0.0, 0.0]], [[1, 0, 0, 0, 0, 0, 0, 0], [0.02540279237695534, 0.0, 0.0, 0.0, 0.0, 0.0, 0.0, 0.0]], [[1, 0, 0, 0, 0, 0, 0, 0], [0.025346660299695352, 0.0, 0.0, 0.0, 0.0, 0.0, 0.0, 0.0]], [[1, 0, 0, 0, 0, 0, 0, 0], [0.025340471077975803, 0.0, 0.0, 0.0, 0.0, 0.0, 0.0, 0.0]], [[1, 0, 0, 0, 0, 0, 0, 0], [0.025745745978395414, 0.0, 0.0, 0.0, 0.0, 0.0, 0.0, 0.0]], [[1, 0, 0, 0, 0, 0, 0, 0], [0.025162338588555506, 0.0, 0.0, 0.0, 0.0, 0.0, 0.0, 0.0]], [[1, 0, 0, 0, 0, 0, 0, 0], [0.02495231643694599, 0.0, 0.0, 0.0, 0.0, 0.0, 0.0, 0.0]], [[1, 0, 0, 0, 0, 0, 0, 0], [0.02470732367919433, 0.0, 0.0, 0.0, 0.0, 0.0, 0.0, 0.0]], [[1, 0, 0, 0, 0, 0, 0, 0], [0.0246271158809623, 0.0, 0.0, 0.0, 0.0, 0.0, 0.0, 0.0]], [[1, 0, 0, 0, 0, 0, 0, 0], [0.024760311388473753, 0.0, 0.0, 0.0, 0.0, 0.0, 0.0, 0.0]], [[1, 0, 0, 0, 0, 0, 0, 0], [0.02437685939433675, 0.0, 0.0, 0.0, 0.0, 0.0, 0.0, 0.0]], [[1, 0, 0, 0, 0, 0, 0, 0], [0.02439600127723084, 0.0, 0.0, 0.0, 0.0, 0.0, 0.0, 0.0]], [[1, 0, 0, 0, 0, 0, 0, 0], [0.024281048322932253, 0.0, 0.0, 0.0, 0.0, 0.0, 0.0, 0.0]], [[1, 0, 0, 0, 0, 0, 0, 0], [0.024183153157276163, 0.0, 0.0, 0.0, 0.0, 0.0, 0.0, 0.0]], [[1, 0, 0, 0, 0, 0, 0, 0], [0.024504168679069502, 0.0, 0.0, 0.0, 0.0, 0.0, 0.0, 0.0]], [[1, 0, 0, 0, 0, 0, 0, 0], [0.02385657837285174, 0.0, 0.0, 0.0, 0.0, 0.0, 0.0, 0.0]], [[1, 0, 0, 0, 0, 0, 0, 0], [0.023653328883585845, 0.0, 0.0, 0.0, 0.0, 0.0, 0.0, 0.0]], [[1, 0, 0, 0, 0, 0, 0, 0], [0.023387828053664843, 0.0, 0.0, 0.0, 0.0, 0.0, 0.0, 0.0]], [[1, 0, 0, 0, 0, 0, 0, 0], [0.02329092383013905, 0.0, 0.0, 0.0, 0.0, 0.0, 0.0, 0.0]]]"
/fs/cml-projects/worldmodel/Self-Forcing/dataset_download/Sekai-Project/sekai-real-drone_v2_processed/Tf187YXnO-o_0104794_0105094_clip1.mp4,"The drone maintains a steady, high-altitude position, offering a sweeping aerial view of a dramatic mountain peak in Appenzell, Switzerland, with its rugged, rocky spine and lush green slopes. The camera slowly pans to the right, revealing the expansive valley below, which is a patchwork of vibrant green fields and clusters of trees, all bathed in soft, diffused light from an overcast sky. The scene is dominated by the imposing presence of the mountain, its sharp ridges and steep inclines highlighted by the natural lighting, while the surrounding landscape stretches into the distance, emphasizing the vast, untouched beauty of the region.",/fs/cml-projects/worldmodel/Self-Forcing/dataset_download/Sekai-Project/sekai-real-drone_v2_processed/first_frames/Tf187YXnO-o_0104794_0105094_clip1.jpg,"[[[1, 0, 0, 0, 0, 0, 0, 0], [0.045968649742824066, 0.0, 0.0, 0.0, 0.0, 0.0, 0.0, 0.0]], [[1, 0, 0, 0, 0, 0, 0, 0], [0.04608377527527814, 0.0, 0.0, 0.0, 0.0, 0.0, 0.0, 0.0]], [[1, 0, 0, 0, 0, 0, 0, 0], [0.045914319501104146, 0.0, 0.0, 0.0, 0.0, 0.0, 0.0, 0.0]], [[1, 0, 0, 0, 0, 0, 0, 0], [0.04538353745174, 0.0, 0.0, 0.0, 0.0, 0.0, 0.0, 0.0]], [[1, 0, 0, 0, 0, 0, 0, 0], [0.04526746087503631, 0.0, 0.0, 0.0, 0.0, 0.0, 0.0, 0.0]], [[1, 0, 0, 0, 0, 0, 0, 0], [0.04481980703503683, 0.0, 0.0, 0.0, 0.0, 0.0, 0.0, 0.0]], [[1, 0, 0, 0, 0, 0, 0, 0], [0.04414255215329581, 0.0, 0.0, 0.0, 0.0, 0.0, 0.0, 0.0]], [[1, 0, 0, 0, 0, 0, 0, 0], [0.043987160771100924, 0.0, 0.0, 0.0, 0.0, 0.0, 0.0, 0.0]], [[1, 0, 0, 0, 0, 0, 0, 0], [0.043262947709298796, 0.0, 0.0, 0.0, 0.0, 0.0, 0.0, 0.0]], [[1, 0, 0, 0, 0, 0, 0, 0], [0.04348976641026622, 0.0, 0.0, 0.0, 0.0, 0.0, 0.0, 0.0]], [[1, 0, 0, 0, 0, 0, 0, 0], [0.04358135371317181, 0.0, 0.0, 0.0, 0.0, 0.0, 0.0, 0.0]], [[1, 0, 0, 0, 0, 0, 0, 0], [0.04393008372992005, 0.0, 0.0, 0.0, 0.0, 0.0, 0.0, 0.0]], [[1, 0, 0, 0, 0, 0, 0, 0], [0.04431850489869663, 0.0, 0.0, 0.0, 0.0, 0.0, 0.0, 0.0]], [[1, 0, 0, 0, 0, 0, 0, 0], [0.04457136469250611, 0.0, 0.0, 0.0, 0.0, 0.0, 0.0, 0.0]], [[1, 0, 0, 0, 0, 0, 0, 0], [0.04525367442768955, 0.0, 0.0, 0.0, 0.0, 0.0, 0.0, 0.0]], [[1, 0, 0, 0, 0, 0, 0, 0], [0.04600400076955816, 0.0, 0.0, 0.0, 0.0, 0.0, 0.0, 0.0]], [[1, 0, 0, 0, 0, 0, 0, 0], [0.04548444092278684, 0.0, 0.0, 0.0, 0.0, 0.0, 0.0, 0.0]], [[1, 0, 0, 0, 0, 0, 0, 0], [0.04533990755969742, 0.0, 0.0, 0.0, 0.0, 0.0, 0.0, 0.0]], [[1, 0, 0, 0, 0, 0, 0, 0], [0.044497027179108445, 0.0, 0.0, 0.0, 0.0, 0.0, 0.0, 0.0]], [[1, 0, 0, 0, 0, 0, 0, 0], [0.04378384091862609, 0.0, 0.0, 0.0, 0.0, 0.0, 0.0, 0.0]]]"
/fs/cml-projects/worldmodel/Self-Forcing/dataset_download/Sekai-Project/sekai-game-drone_v2_processed/00400210001_0008550_0008850_clip1.mp4,"The camera slowly tilts downward through a thick, uniform blanket of gray fog, gradually revealing a dark, uneven landscape below. Faint outlines of rocky terrain emerge from the mist, with patches of sparse, low-lying vegetation barely visible through the dense atmosphere. The scene is shrouded in diffused light, with no distinct shadows, creating a quiet, isolated, and mysterious ambiance as the desolate ground slowly comes into view.",/fs/cml-projects/worldmodel/Self-Forcing/dataset_download/Sekai-Project/sekai-game-drone_v2_processed/first_frames/00400210001_0008550_0008850_clip1.jpg,"[[[1, 0, 0, 0, 0, 0, 1, 0], [0.013707806361549625, 0.0, 0.0, 0.0, 0.0, 0.0, 2.2103433064798557, 0.0]], [[1, 0, 0, 0, 0, 0, 1, 0], [0.013572519550051882, 0.0, 0.0, 0.0, 0.0, 0.0, 2.2960702832901783, 0.0]], [[1, 0, 0, 0, 0, 0, 1, 0], [0.013410893315922861, 0.0, 0.0, 0.0, 0.0, 0.0, 2.2166810086455326, 0.0]], [[1, 0, 0, 0, 0, 0, 1, 0], [0.01323488490068049, 0.0, 0.0, 0.0, 0.0, 0.0, 2.107234188586436, 0.0]], [[1, 0, 0, 0, 0, 0, 1, 0], [0.013048794472173912, 0.0, 0.0, 0.0, 0.0, 0.0, 1.9394432841959144, 0.0]], [[1, 0, 0, 0, 0, 0, 1, 0], [0.012863271958144008, 0.0, 0.0, 0.0, 0.0, 0.0, 1.7223941680315673, 0.0]], [[1, 0, 0, 0, 0, 0, 1, 0], [0.012686540098627717, 0.0, 0.0, 0.0, 0.0, 0.0, 1.6216714111916632, 0.0]], [[1, 0, 0, 0, 0, 0, 1, 0], [0.012511865311328788, 0.0, 0.0, 0.0, 0.0, 0.0, 1.7133355750951504, 0.0]], [[1, 0, 0, 0, 0, 0, 1, 0], [0.012318983906841418, 0.0, 0.0, 0.0, 0.0, 0.0, 1.7326538822811661, 0.0]], [[1, 0, 0, 0, 0, 0, 1, 0], [0.012116709664648125, 0.0, 0.0, 0.0, 0.0, 0.0, 1.6330253807193893, 0.0]], [[1, 0, 0, 0, 0, 0, 1, 0], [0.01192393696905573, 0.0, 0.0, 0.0, 0.0, 0.0, 1.4100203466107706, 0.0]], [[1, 0, 0, 0, 0, 0, 1, 0], [0.011763251064608769, 0.0, 0.0, 0.0, 0.0, 0.0, 1.1501330533399852, 0.0]], [[1, 0, 0, 0, 0, 0, 0, 0], [0.011649810942684661, 0.0, 0.0, 0.0, 0.0, 0.0, 0.0, 0.0]], [[1, 0, 0, 0, 0, 0, 0, 0], [0.01159223940569817, 0.0, 0.0, 0.0, 0.0, 0.0, 0.0, 0.0]], [[1, 0, 0, 0, 1, 0, 0, 0], [0.011598682741822625, 0.0, 0.0, 0.0, 1.1755171271897205, 0.0, 0.0, 0.0]], [[1, 0, 0, 0, 1, 0, 0, 0], [0.011683770666804627, 0.0, 0.0, 0.0, 1.3820405202108619, 0.0, 0.0, 0.0]], [[1, 0, 0, 0, 1, 0, 0, 0], [0.01187490879061259, 0.0, 0.0, 0.0, 1.3955583124795174, 0.0, 0.0, 0.0]], [[1, 0, 0, 0, 1, 0, 0, 0], [0.012266026665622229, 0.0, 0.0, 0.0, 1.2498693489623538, 0.0, 0.0, 0.0]], [[1, 0, 0, 0, 0, 0, 0, 0], [0.012730555497903915, 0.0, 0.0, 0.0, 0.0, 0.0, 0.0, 0.0]], [[1, 0, 0, 0, 0, 0, 0, 0], [0.013087207519166996, 0.0, 0.0, 0.0, 0.0, 0.0, 0.0, 0.0]]]"
/fs/cml-projects/worldmodel/Self-Forcing/dataset_download/Sekai-Project/sekai-real-walking-hq_v3_processed/0Bp7Jti40Uc_0151350_0153150_clip1.mp4,"The camera moves steadily forward through a modern indoor shopping corridor, capturing a man and a woman walking towards the viewer while holding shopping bags. To the left, a brightly lit store with glass walls displays shelves of colorful merchandise and a large ice cream cone decoration, while to the right, a white wall features ""COMING SOON"" signage. The polished concrete floor reflects the overhead lighting, and the scene is filled with other shoppers in the distance, creating a bustling yet orderly atmosphere.",/fs/cml-projects/worldmodel/Self-Forcing/dataset_download/Sekai-Project/sekai-real-walking-hq_v3_processed/first_frames/0Bp7Jti40Uc_0151350_0153150_clip1.jpg,"[[[1, 0, 0, 0, 0, 0, 0, 0], [0.04944693933161719, 0.0, 0.0, 0.0, 0.0, 0.0, 0.0, 0.0]], [[1, 0, 0, 0, 0, 0, 0, 0], [0.0491897960009352, 0.0, 0.0, 0.0, 0.0, 0.0, 0.0, 0.0]], [[1, 0, 0, 0, 0, 0, 0, 0], [0.04834687452796462, 0.0, 0.0, 0.0, 0.0, 0.0, 0.0, 0.0]], [[1, 0, 0, 0, 0, 0, 0, 0], [0.048658224017197126, 0.0, 0.0, 0.0, 0.0, 0.0, 0.0, 0.0]], [[1, 0, 0, 0, 0, 0, 0, 0], [0.04924102493231455, 0.0, 0.0, 0.0, 0.0, 0.0, 0.0, 0.0]], [[1, 0, 0, 0, 0, 0, 0, 0], [0.049575910143634175, 0.0, 0.0, 0.0, 0.0, 0.0, 0.0, 0.0]], [[1, 0, 0, 0, 0, 0, 0, 0], [0.050829201504901514, 0.0, 0.0, 0.0, 0.0, 0.0, 0.0, 0.0]], [[1, 0, 0, 0, 0, 0, 0, 0], [0.050894172230397036, 0.0, 0.0, 0.0, 0.0, 0.0, 0.0, 0.0]], [[1, 0, 0, 0, 0, 0, 0, 0], [0.04992500539176875, 0.0, 0.0, 0.0, 0.0, 0.0, 0.0, 0.0]], [[1, 0, 0, 0, 0, 0, 0, 0], [0.050589565324926825, 0.0, 0.0, 0.0, 0.0, 0.0, 0.0, 0.0]], [[1, 0, 0, 0, 0, 0, 0, 0], [0.05066621379286801, 0.0, 0.0, 0.0, 0.0, 0.0, 0.0, 0.0]], [[1, 0, 0, 0, 0, 0, 0, 0], [0.050066233323356364, 0.0, 0.0, 0.0, 0.0, 0.0, 0.0, 0.0]], [[1, 0, 0, 1, 0, 0, 0, 0], [0.05045617373529815, 0.0, 0.0, 0.007122466030886252, 0.0, 0.0, 0.0, 0.0]], [[1, 0, 0, 1, 0, 0, 0, 0], [0.0510567319296301, 0.0, 0.0, 0.007073617614571019, 0.0, 0.0, 0.0, 0.0]], [[1, 0, 0, 0, 0, 0, 0, 0], [0.05122993422745833, 0.0, 0.0, 0.0, 0.0, 0.0, 0.0, 0.0]], [[1, 0, 0, 0, 0, 0, 0, 0], [0.0517096209243547, 0.0, 0.0, 0.0, 0.0, 0.0, 0.0, 0.0]], [[1, 0, 0, 0, 0, 0, 0, 0], [0.0505162458939847, 0.0, 0.0, 0.0, 0.0, 0.0, 0.0, 0.0]], [[1, 0, 0, 0, 0, 0, 0, 0], [0.04947224544102018, 0.0, 0.0, 0.0, 0.0, 0.0, 0.0, 0.0]], [[1, 0, 0, 0, 0, 0, 0, 0], [0.04938833539939381, 0.0, 0.0, 0.0, 0.0, 0.0, 0.0, 0.0]], [[1, 0, 0, 0, 0, 0, 0, 0], [0.048611222484441025, 0.0, 0.0, 0.0, 0.0, 0.0, 0.0, 0.0]]]"
/fs/cml-projects/worldmodel/Self-Forcing/dataset_download/Sekai-Project/sekai-real-drone_v2_processed/kXPHah2nCDs_0304049_0304349_clip2.mp4,"The camera maintains a steady, high-altitude top-down view of Hong Kong's dense urban landscape at night, slowly rotating to reveal the intricate network of illuminated streets and buildings below. Warm yellow lights from the roads and buildings create a vibrant contrast against the dark, cloudy sky, highlighting the city's complex layout with intersecting roads and a mix of high-rise and mid-rise structures. The scene is devoid of visible human activity, emphasizing the quiet stillness of the nocturnal city, with the camera's smooth, continuous movement providing a cohesive and immersive perspective of the urban environment.",/fs/cml-projects/worldmodel/Self-Forcing/dataset_download/Sekai-Project/sekai-real-drone_v2_processed/first_frames/kXPHah2nCDs_0304049_0304349_clip2.jpg,"[[[0, 0, 1, 0, 0, 0, 0, 0], [0.0, 0.0, 0.050994532035723614, 0.0, 0.0, 0.0, 0.0, 0.0]], [[0, 0, 1, 0, 0, 0, 0, 0], [0.0, 0.0, 0.05033906284158593, 0.0, 0.0, 0.0, 0.0, 0.0]], [[0, 0, 1, 0, 0, 0, 0, 0], [0.0, 0.0, 0.049585365945303723, 0.0, 0.0, 0.0, 0.0, 0.0]], [[0, 0, 1, 0, 0, 0, 0, 0], [0.0, 0.0, 0.05114996201443568, 0.0, 0.0, 0.0, 0.0, 0.0]], [[0, 0, 1, 0, 0, 0, 0, 0], [0.0, 0.0, 0.050419881135562644, 0.0, 0.0, 0.0, 0.0, 0.0]], [[0, 0, 1, 0, 0, 0, 0, 0], [0.0, 0.0, 0.049955196293572514, 0.0, 0.0, 0.0, 0.0, 0.0]], [[0, 0, 1, 0, 0, 0, 0, 0], [0.0, 0.0, 0.05126341394506865, 0.0, 0.0, 0.0, 0.0, 0.0]], [[0, 0, 1, 0, 0, 0, 0, 0], [0.0, 0.0, 0.050841143009343004, 0.0, 0.0, 0.0, 0.0, 0.0]], [[0, 0, 1, 0, 0, 0, 0, 0], [0.0, 0.0, 0.05027897952755813, 0.0, 0.0, 0.0, 0.0, 0.0]], [[0, 0, 1, 0, 0, 0, 0, 0], [0.0, 0.0, 0.0515912343951381, 0.0, 0.0, 0.0, 0.0, 0.0]], [[0, 0, 1, 0, 0, 0, 0, 0], [0.0, 0.0, 0.05085985105832044, 0.0, 0.0, 0.0, 0.0, 0.0]], [[0, 0, 1, 0, 0, 0, 0, 0], [0.0, 0.0, 0.050008292891120625, 0.0, 0.0, 0.0, 0.0, 0.0]], [[0, 0, 1, 0, 0, 0, 0, 0], [0.0, 0.0, 0.05115541298050207, 0.0, 0.0, 0.0, 0.0, 0.0]], [[0, 0, 1, 0, 0, 0, 0, 0], [0.0, 0.0, 0.050453727219563066, 0.0, 0.0, 0.0, 0.0, 0.0]], [[0, 0, 1, 0, 0, 0, 0, 0], [0.0, 0.0, 0.04950853594472607, 0.0, 0.0, 0.0, 0.0, 0.0]], [[0, 0, 1, 0, 0, 0, 0, 0], [0.0, 0.0, 0.05043772068632356, 0.0, 0.0, 0.0, 0.0, 0.0]], [[0, 0, 1, 0, 0, 0, 0, 0], [0.0, 0.0, 0.04957070879129106, 0.0, 0.0, 0.0, 0.0, 0.0]], [[0, 0, 1, 0, 0, 0, 0, 0], [0.0, 0.0, 0.047939995699360825, 0.0, 0.0, 0.0, 0.0, 0.0]], [[0, 0, 1, 0, 0, 0, 0, 0], [0.0, 0.0, 0.04824894900505159, 0.0, 0.0, 0.0, 0.0, 0.0]], [[0, 0, 1, 0, 0, 0, 0, 0], [0.0, 0.0, 0.045311663842609595, 0.0, 0.0, 0.0, 0.0, 0.0]]]"
